66	top-and-rumors	src/reader.js	status 1 | AssertionError [ERR_ASSERTION]: Expected values to be strictly deep-equal: | examples/top-and-rumors/top-and-rumors.js:108:8 {
67	media	src/reader.js	status 1 | TypeError: Cannot read properties of undefined (reading 'replace') | examples/media/media.js:48
68	media	src/reader.js	status 1 | TypeError: Cannot read properties of undefined (reading 'replace') | examples/media/media.js:49
69	media	src/index.js	status 1 | TypeError: Cannot read properties of undefined (reading 'get') | examples/media/media.js:47
70	media	src/envelope.js	status 1 | TypeError: Cannot read properties of undefined (reading 'get') | examples/media/media.js:93
71	rewrite	src/index.js	status 1 | AssertionError [ERR_ASSERTION]: Expected values to be strictly equal: | examples/rewrite/rewrite.js:50:8
72	rewrite	src/index.js	status 1 | AssertionError [ERR_ASSERTION]: Expected values to be strictly deep-equal: | examples/rewrite/rewrite.js:64:8
73	rewrite	src/index.js	status 1 | AssertionError [ERR_ASSERTION]: Expected values to be strictly equal: | examples/rewrite/rewrite.js:82:88 {
74	rewrite	src/index.js	status 1 | AssertionError [ERR_ASSERTION]: Expected values to be strictly equal: | examples/rewrite/rewrite.js:97:44 {
75	padding	src/envelope.js	status 1 | AssertionError [ERR_ASSERTION]: Expected values to be strictly deep-equal: | examples/padding/padding.js:34:8
76	padding	src/envelope.js	status 1 | AssertionError [ERR_ASSERTION]: Expected values to be strictly deep-equal: | examples/padding/padding.js:43:8
77	padding	src/envelope.js	status 1 | AssertionError [ERR_ASSERTION]: Expected values to be strictly deep-equal: | examples/padding/padding.js:54:8
78	padding	src/envelope.js	status 1 | AssertionError [ERR_ASSERTION]: Expected values to be strictly equal: | examples/padding/padding.js:82:10
79	padding	src/envelope.js	status 1 | AssertionError [ERR_ASSERTION]: Expected values to be strictly equal: | examples/padding/padding.js:70:8
80	moving	src/reader.js	status 1 | AssertionError [ERR_ASSERTION]: Expected values to be strictly deep-equal: | examples/moving/moving.js:59:8 {
81	moving	src/reader.js	status 1 | AssertionError [ERR_ASSERTION]: Expected values to be strictly deep-equal: | examples/moving/moving.js:100:8 {
82	moving	src/profile.js	status 1 | AssertionError [ERR_ASSERTION]: Expected values to be strictly deep-equal: | examples/moving/moving.js:135:8 {
83	moving	src/reader.js	status 1 | AssertionError [ERR_ASSERTION]: Expected values to be strictly deep-equal: | examples/moving/moving.js:134:8 {
84	moving	src/profile.js	status 1 | AssertionError [ERR_ASSERTION]: Expected values to be strictly deep-equal: | examples/moving/moving.js:69:8 {
85	fetching	src/addresses.js	status 1 | AssertionError [ERR_ASSERTION]: 169.254.169.254 | examples/fetching/fetching.js:24:40
86	fetching	src/addresses.js	status 1 | AssertionError [ERR_ASSERTION]: Expected values to be strictly equal: | examples/fetching/fetching.js:37:8
87	fetching	src/addresses.js	status 1 | AssertionError [ERR_ASSERTION]: ::ffff:0:127.0.0.1 | examples/fetching/fetching.js:29:40
88	fetching	src/fetch.js	status 1 | AssertionError [ERR_ASSERTION]: Expected values to be strictly deep-equal: | examples/fetching/fetching.js:53:8
89	fetching	src/fetch.js	status 1 | AssertionError [ERR_ASSERTION]: Expected values to be strictly equal: | examples/fetching/fetching.js:77:8
90	views	src/views.js	status 1 | AssertionError [ERR_ASSERTION]: Expected values to be strictly deep-equal: | examples/views/views.js:49:8 {
91	views	src/views.js	status 1 | AssertionError [ERR_ASSERTION]: Expected values to be strictly deep-equal: | examples/views/views.js:49:8 {
92	views	src/views.js	status 1 | AssertionError [ERR_ASSERTION]: The expression evaluated to a falsy value: | examples/views/views.js:91:8 {
93	views	src/views.js	status 1 | AssertionError [ERR_ASSERTION]: The expression evaluated to a falsy value: | examples/views/views.js:91:8 {
94	views	src/index.js	status 1 | AssertionError [ERR_ASSERTION]: Expected values to be strictly deep-equal: | examples/views/views.js:49:8 {
95	contest	src/profile.js	status 1 | AssertionError [ERR_ASSERTION]: Expected values to be strictly deep-equal: | examples/contest/contest.js:51:8
96	contest	src/profile.js	status 1 | AssertionError [ERR_ASSERTION]: Expected values to be strictly deep-equal: | examples/contest/contest.js:51:8
97	contest	src/profile.js	status 1 | TypeError: Cannot read properties of undefined (reading 'version') | examples/contest/contest.js:19
98	contest	src/profile.js	status 1 | AssertionError [ERR_ASSERTION]: Expected values to be strictly deep-equal: | examples/contest/contest.js:62:8
99	contest	src/profile.js	status 1 | AssertionError [ERR_ASSERTION]: Expected values to be strictly deep-equal: | examples/contest/contest.js:62:8
100	contest	src/profile.js	status 1 | AssertionError [ERR_ASSERTION]: Expected values to be strictly deep-equal: | examples/contest/contest.js:75:8
101	envelope	src/envelope.js	status 1 | AssertionError [ERR_ASSERTION]: Expected values to be strictly equal: | examples/envelope/envelope.js:68:8
102	envelope	src/envelope.js	status 1 | TypeError: Cannot read properties of null (reading 'text') | examples/envelope/envelope.js:104
103	envelope	src/envelope.js	status 1 | AssertionError [ERR_ASSERTION]: Expected values to be strictly equal: | examples/envelope/envelope.js:68:8
104	envelope	src/envelope.js	status 1 | AssertionError [ERR_ASSERTION]: Expected values to be strictly deep-equal: | examples/envelope/envelope.js:58:8
105	envelope	src/envelope.js	status 1 | AssertionError [ERR_ASSERTION]: Expected values to be strictly equal: | examples/envelope/envelope.js:163:8
106	the-reader	src/profile.js	status 1 | AssertionError [ERR_ASSERTION]: Expected values to be strictly deep-equal: | examples/the-reader/the-reader.js:80:8 {
107	the-reader	src/reader.js	status 1 | AssertionError [ERR_ASSERTION]: Expected values to be strictly deep-equal: | examples/the-reader/the-reader.js:104:8 {
108	the-reader	src/reader.js	status 1 | AssertionError [ERR_ASSERTION]: Expected values to be strictly equal: | examples/the-reader/the-reader.js:178:8 {
109	the-reader	src/reader.js	status 1 | AssertionError [ERR_ASSERTION]: Expected values to be strictly equal: | examples/the-reader/the-reader.js:178:8 {
110	the-reader	src/profile.js	status 1 | AssertionError [ERR_ASSERTION]: Expected values to be strictly deep-equal: | examples/the-reader/the-reader.js:145:8 {
111	the-reader	src/reader.js	status 1 | AssertionError [ERR_ASSERTION]: Expected values to be strictly deep-equal: | examples/the-reader/the-reader.js:104:8 {
112	your-copy	src/publish.js	status 1 | TypeError: Cannot read properties of undefined (reading 'lastIndexOf') | examples/your-copy/your-copy.js:42:13
113	your-copy	src/publish.js	status 1 | AssertionError [ERR_ASSERTION]: every kept file verifies under her key | examples/your-copy/your-copy.js:50:43 {
114	your-copy	src/index.js	status 1 | AssertionError [ERR_ASSERTION]: Expected values to be strictly deep-equal: | examples/your-copy/your-copy.js:107:8 {
115	your-copy	src/reader.js	status 1 | AssertionError [ERR_ASSERTION]: Expected values to be strictly deep-equal: | examples/your-copy/your-copy.js:67:8 {
116	publish-interface	src/hub.js	status 1 | AssertionError [ERR_ASSERTION]: PUT /alice/index | examples/publish-interface/publish-interface.js:23:31
117	publish-interface	src/publish.js	status 1 | TypeError: Cannot read properties of undefined (reading 'keys') | examples/publish-interface/publish-interface.js:86
118	publish-interface	src/hub.js	status 1 | AssertionError [ERR_ASSERTION]: Expected values to be strictly equal: | examples/publish-interface/publish-interface.js:93:8 {
119	publish-interface	src/hub.js	status 1 | AssertionError [ERR_ASSERTION]: PUT /alice/posts/8 | examples/publish-interface/publish-interface.js:23:31
120	publish-interface	src/hub.js	status 1 | AssertionError [ERR_ASSERTION]: PUT /alice/profile | examples/publish-interface/publish-interface.js:23:31
121	publish-interface	src/hub.js	status 1 | AssertionError [ERR_ASSERTION]: PUT /alice/media/2uj_-mLW_EdbPwNoTqBAmTxWXfi2Iv3TwsqHANa9mYI | examples/publish-interface/publish-interface.js:23:31
122	publish-interface	src/hub.js	status 1 | AssertionError [ERR_ASSERTION]: PUT /alice/index | examples/publish-interface/publish-interface.js:23:31
123	publish-interface	src/hub.js	status 1 | AssertionError [ERR_ASSERTION]: Expected values to be strictly equal: | examples/publish-interface/publish-interface.js:169:69 {
124	publish-interface	src/publish.js	status 1 | AssertionError [ERR_ASSERTION]: a claim writes both | examples/publish-interface/publish-interface.js:53:8 {
125	posts-and-targets	src/reader.js	status 1 | AssertionError [ERR_ASSERTION]: Expected values to be strictly deep-equal: | examples/posts-and-targets/posts-and-targets.js:84:8 {
126	posts-and-targets	src/hub.js	status 1 | AssertionError [ERR_ASSERTION]: Expected values to be strictly deep-equal: | examples/posts-and-targets/posts-and-targets.js:92:8 {
127	posts-and-targets	src/reader.js	status 1 | AssertionError [ERR_ASSERTION]: Expected values to be strictly deep-equal: | examples/posts-and-targets/posts-and-targets.js:153:8 {
128	posts-and-targets	src/index.js	status 1 | AssertionError [ERR_ASSERTION]: Expected values to be strictly deep-equal: | examples/posts-and-targets/posts-and-targets.js:128:8 {
129	posts-and-targets	src/reader.js	status 1 | AssertionError [ERR_ASSERTION]: Expected values to be strictly deep-equal: | examples/posts-and-targets/posts-and-targets.js:178:8 {
